variable,Estimate,Std. Error,z value,Pr(>|z|)
(Intercept),1131.217092,378760.7287,0.002986627,0.99761702
chr12_6,-113.3188293,35949.29131,-0.003152185,0.997484924
chr1_16,8.226128918,5506.544377,0.001493882,0.998808055
chr2_31,-71.59729678,22311.46763,-0.003208991,0.9974396
chr19_31,-77.54064989,24585.40075,-0.003153931,0.997483532
chr5_31,80.41744074,26666.89828,0.003015628,0.997593881
chr10_31,41.7323168,14357.73304,0.002906609,0.997680865
chr1_6,-12.56150568,6032.184233,-0.002082414,0.998338475
